{"initial_reset_timestamp": 240.449410584, "timestamps": [243.160862341], "episode_lengths": [7], "episode_rewards": [5.2660439427910966], "episode_types": ["t"]}